magx,magy,magz
0.2969,-0.1919,-0.9355
0.3122,-0.2206,-0.924
0.3079,-0.2353,-0.9219
0.3206,-0.2526,-0.9129
0.3206,-0.2526,-0.9129
0.294,-0.2732,-0.9159
0.2751,-0.276,-0.9209
0.2578,-0.2802,-0.9247
0.2608,-0.2981,-0.9182
0.2608,-0.2981,-0.9182
0.2553,-0.3063,-0.9171
0.2461,-0.2973,-0.9225
0.2461,-0.3114,-0.9179
0.2289,-0.331,-0.9155
0.2289,-0.331,-0.9155
0.222,-0.3197,-0.9212
0.208,-0.3239,-0.9229
0.1715,-0.3053,-0.9367
0.1647,-0.2937,-0.9416
0.1647,-0.2937,-0.9416
0.164,-0.2961,-0.941
0.1592,-0.2925,-0.9429
0.1658,-0.2846,-0.9442
0.151,-0.2902,-0.945
0.151,-0.2902,-0.945
0.1445,-0.2771,-0.9499
0.1535,-0.2677,-0.9512
0.1448,-0.2585,-0.9551
0.1359,-0.2298,-0.9637
0.1359,-0.2298,-0.9637
0.1359,-0.1998,-0.9704
0.1273,-0.2029,-0.9709
0.1333,-0.182,-0.9742
0.1478,-0.1863,-0.9713
0.1478,-0.1863,-0.9713
0.1534,-0.1877,-0.9702
0.1788,-0.1756,-0.9681
0.1592,-0.1749,-0.9716
0.166,-0.1397,-0.9762
0.166,-0.1397,-0.9762
0.1707,-0.1332,-0.9763
0.1913,-0.1311,-0.9727
0.1966,-0.1214,-0.9729
0.2232,-0.1291,-0.9662
0.2232,-0.1291,-0.9662
0.2155,-0.1511,-0.9647
0.2192,-0.1441,-0.965
0.2316,-0.1341,-0.9635
0.2384,-0.1519,-0.9592
0.2384,-0.1519,-0.9592
0.2647,-0.1366,-0.9546
0.2828,-0.1307,-0.9502
0.2904,-0.1513,-0.9449
0.2968,-0.1675,-0.9402
0.2968,-0.1675,-0.9402
0.2922,-0.1662,-0.9418
0.2849,-0.1775,-0.942
0.2879,-0.1988,-0.9368
0.285,-0.2159,-0.9339
0.285,-0.2159,-0.9339
0.2926,-0.2055,-0.9339
0.3178,-0.2199,-0.9223
0.3035,-0.2494,-0.9196
0.2991,-0.2591,-0.9184
0.2991,-0.2591,-0.9184
0.2916,-0.2853,-0.913
0.2844,-0.2817,-0.9164
0.273,-0.2848,-0.9189
0.2357,-0.2838,-0.9295
0.2357,-0.2838,-0.9295
0.2592,-0.2853,-0.9227
0.2439,-0.3126,-0.918
0.2259,-0.3107,-0.9233
0.2251,-0.3205,-0.9201
0.2251,-0.3205,-0.9201
0.2239,-0.311,-0.9237
0.198,-0.3203,-0.9264
0.1848,-0.3115,-0.9321
0.1725,-0.2992,-0.9385
0.1725,-0.2992,-0.9385
0.1783,-0.2945,-0.9389
0.1645,-0.2667,-0.9496
0.1474,-0.2698,-0.9516
0.1601,-0.2715,-0.949
0.1601,-0.2715,-0.949
0.1527,-0.264,-0.9523
0.1365,-0.2703,-0.9531
0.1352,-0.253,-0.958
0.1503,-0.2215,-0.9635
0.1503,-0.2215,-0.9635
0.1401,-0.2155,-0.9664
0.1273,-0.2029,-0.9709
0.1438,-0.1974,-0.9697
0.1585,-0.178,-0.9712
0.1419,-0.1874,-0.972
0.1419,-0.1874,-0.972
0.143,-0.1856,-0.9722
0.1543,-0.1775,-0.972
0.1485,-0.1604,-0.9758
0.1788,-0.1298,-0.9753
0.1788,-0.1298,-0.9753
0.1943,-0.1261,-0.9728
0.2009,-0.1248,-0.9716
0.2224,-0.1286,-0.9664
0.2094,-0.1337,-0.9686
0.2094,-0.1337,-0.9686
0.2245,-0.1213,-0.9669
0.2262,-0.1455,-0.9632
0.2407,-0.1396,-0.9605
0.2438,-0.1384,-0.9599
0.2438,-0.1384,-0.9599
0.2574,-0.1263,-0.958
0.2884,-0.1503,-0.9456
0.2951,-0.167,-0.9407
0.2862,-0.1753,-0.942
0.2862,-0.1753,-0.942
0.2936,-0.1878,-0.9373
0.3147,-0.2006,-0.9277
0.2784,-0.2169,-0.9356
0.2908,-0.2147,-0.9324
0.2908,-0.2147,-0.9324
0.3041,-0.2138,-0.9283
0.2958,-0.2341,-0.9261
0.3073,-0.2682,-0.913
0.3022,-0.2887,-0.9085
0.3022,-0.2887,-0.9085
0.2866,-0.2948,-0.9116
0.273,-0.2919,-0.9167
0.2549,-0.3029,-0.9183
0.2553,-0.2956,-0.9206
0.2553,-0.2956,-0.9206
0.2281,-0.3117,-0.9224
0.242,-0.2893,-0.9261
0.2315,-0.32,-0.9187
0.2107,-0.3162,-0.925
0.2107,-0.3162,-0.925
0.2107,-0.3162,-0.925
0.1842,-0.3212,-0.9289
0.1683,-0.3178,-0.9331
0.168,-0.3079,-0.9365
0.168,-0.3079,-0.9365
0.1689,-0.297,-0.9398
0.1671,-0.2614,-0.9507
0.1651,-0.2613,-0.951
0.1413,-0.267,-0.9533
0.1413,-0.267,-0.9533
0.1421,-0.2596,-0.9552
0.124,-0.2582,-0.9581
0.1213,-0.2452,-0.9619
0.1215,-0.2381,-0.9636
0.1215,-0.2381,-0.9636
0.1275,-0.2144,-0.9684
0.145,-0.1902,-0.971
0.1416,-0.1831,-0.9728
0.1589,-0.1782,-0.9711
0.1589,-0.1782,-0.9711
0.1574,-0.1767,-0.9716
0.1617,-0.1622,-0.9734
0.15,-0.1619,-0.9753
0.1712,-0.1293,-0.9767
0.1712,-0.1293,-0.9767
0.1822,-0.1409,-0.9731
0.1993,-0.13,-0.9713
0.2067,-0.1267,-0.9702
0.2235,-0.1178,-0.9675
0.2235,-0.1178,-0.9675
0.2074,-0.1513,-0.9665
0.1178,-0.2097,-0.9706
0.0774,-0.2448,-0.9665
-0.002,-0.2222,-0.975
-0.002,-0.2222,-0.975
-0.0471,-0.1664,-0.9849
-0.0634,-0.0636,-0.996
-0.0022,0.0958,-0.9954
0.1708,0.2026,-0.9643
0.1708,0.2026,-0.9643
0.419,0.1876,-0.8884
0.5804,-0.0187,-0.8141
0.6016,-0.2642,-0.7539
0.4245,-0.466,-0.7763
0.4245,-0.466,-0.7763
0.212,-0.5109,-0.8331
0,-0.3733,-0.9277
-0.0842,-0.1099,-0.9904
0.0022,0.1315,-0.9913
0.0022,0.1315,-0.9913
0.1756,0.2677,-0.9474
0.3521,0.2831,-0.8921
0.5067,0.247,-0.826
0.6289,0.14,-0.7648
0.6289,0.14,-0.7648
0.6787,-0.0557,-0.7323
0.6838,-0.2202,-0.6956
0.6986,-0.2309,-0.6772
0.7038,-0.2465,-0.6662
0.7038,-0.2465,-0.6662
0.709,-0.2729,-0.6502
0.7372,-0.2865,-0.6119
0.7573,-0.2797,-0.5902
0.7573,-0.2797,-0.5902
0.7809,-0.2689,-0.5638
0.8166,-0.2118,-0.5369
0.826,-0.1678,-0.5381
0.8449,-0.1769,-0.5048
0.8449,-0.1769,-0.5048
0.85,-0.1498,-0.5051
0.8543,-0.1803,-0.4876
0.8696,-0.2658,-0.4162
0.8659,-0.3463,-0.3609
0.8659,-0.3463,-0.3609
0.8617,-0.4047,-0.3062
0.873,-0.3941,-0.2874
0.8599,-0.4652,-0.21
0.719,-0.685,-0.1177
0.719,-0.685,-0.1177
0.4021,-0.9007,-0.1645
0.0935,-0.9551,-0.2811
-0.0827,-0.9425,-0.3237
-0.0648,-0.9525,-0.2976
-0.0648,-0.9525,-0.2976
0.0712,-0.9475,-0.3117
0.1473,-0.9458,-0.2896
0.2069,-0.9278,-0.3105
0.237,-0.897,-0.3731
0.237,-0.897,-0.3731
0.2471,-0.8808,-0.4039
0.2843,-0.8728,-0.3967
0.3382,-0.8472,-0.4099
0.4012,-0.8131,-0.4218
0.4012,-0.8131,-0.4218
0.4626,-0.7549,-0.4649
0.5325,-0.711,-0.4592
0.5969,-0.6732,-0.4364
0.6902,-0.6042,-0.3982
0.6902,-0.6042,-0.3982
0.7865,-0.4922,-0.373
0.8411,-0.4108,-0.3519
0.8944,-0.3291,-0.3028
0.9186,-0.2557,-0.3013
0.9186,-0.2557,-0.3013
0.8731,-0.2086,-0.4407
0.4097,-0.4111,-0.8143
-0.1848,-0.5756,-0.7966
-0.3541,-0.6394,-0.6824
-0.3541,-0.6394,-0.6824
-0.3894,-0.7155,-0.58
-0.3227,-0.7689,-0.552
-0.2592,-0.8419,-0.4733
-0.1726,-0.8658,-0.4698
-0.1726,-0.8658,-0.4698
-0.0417,-0.9055,-0.4223
0.054,-0.8934,-0.446
0.1415,-0.8622,-0.4863
0.1955,-0.8145,-0.5463
0.1955,-0.8145,-0.5463
0.2483,-0.751,-0.6118
0.279,-0.724,-0.6309
0.2978,-0.7331,-0.6115
0.2866,-0.7506,-0.5954
0.2866,-0.7506,-0.5954
0.27,-0.7598,-0.5915
0.2563,-0.76,-0.5973
0.2662,-0.7556,-0.5985
0.253,-0.7615,-0.5968
0.253,-0.7615,-0.5968
0.2546,-0.7739,-0.5798
0.2639,-0.8024,-0.5353
0.2494,-0.8451,-0.4729
0.2372,-0.9098,-0.3406
0.2372,-0.9098,-0.3406
0.2393,-0.9511,-0.1955
0.3732,-0.8963,-0.2397
0.7036,-0.2129,-0.678
0.4337,0.4906,-0.7558
0.4337,0.4906,-0.7558
0.4557,0.3716,-0.8089
0.5397,0.1595,-0.8266
0.5808,0.095,-0.8085
0.5814,0.1441,-0.8008
0.6165,0.2044,-0.7603
0.6165,0.2044,-0.7603
0.6221,0.2567,-0.7397
0.6012,0.3044,-0.7389
0.5964,0.3298,-0.7318
0.5568,0.3963,-0.73
0.5568,0.3963,-0.73
0.5728,0.4537,-0.6827
0.6105,0.407,-0.6794
0.6281,0.4134,-0.6592
0.5922,0.4509,-0.6678
0.5922,0.4509,-0.6678
0.6786,0.4068,-0.6115
0.8127,0.2557,-0.5236
0.9173,-0.0521,-0.3947
0.8745,-0.3797,-0.3019
0.8745,-0.3797,-0.3019
0.7621,-0.6266,-0.1632
0.7621,-0.6266,-0.1632
0.2511,-0.9277,-0.2762
0.1247,-0.8388,-0.5299
0.1247,-0.8388,-0.5299
0.2296,-0.5053,-0.8318
0.3823,-0.0138,-0.9239
0.4323,0.3801,-0.8177
0.419,0.5092,-0.7518
0.419,0.5092,-0.7518
0.4041,0.4797,-0.7788
0.4039,0.4856,-0.7753
0.3941,0.5124,-0.763
0.4941,0.5038,-0.7085
0.4941,0.5038,-0.7085
0.7341,0.3683,-0.5705
0.9075,-0.146,-0.3939
0.7505,-0.6381,-0.1716
0.5375,-0.8348,-0.1189
0.5375,-0.8348,-0.1189
0.4299,-0.868,-0.2486
0.3389,-0.77,-0.5406
0.2505,-0.4201,-0.8722
0.2013,0.1633,-0.9658
0.2013,0.1633,-0.9658
0.3825,0.4885,-0.7842
0.6507,0.3995,-0.6458
0.729,0.3067,-0.6119
0.6935,0.3684,-0.6192
0.6935,0.3684,-0.6192
0.5459,0.4868,-0.6819
0.4592,0.4999,-0.7344
0.8087,0.2011,-0.5528
0.7027,-0.705,-0.0954
0.7027,-0.705,-0.0954
0.4196,-0.8677,-0.2663
0.2447,-0.7101,-0.6603
0.1964,-0.1602,-0.9674
0.3131,0.4024,-0.8603
0.3131,0.4024,-0.8603
0.7319,0.3459,-0.5871
0.9043,-0.1494,-0.3999
0.8053,-0.5676,-0.1711
0.5962,-0.7788,-0.1951
0.5962,-0.7788,-0.1951
0.3834,-0.8162,-0.4321
0.2642,-0.5515,-0.7912
0.1635,0.0344,-0.986
0.3118,0.4965,-0.8101
0.3118,0.4965,-0.8101
0.7668,0.2342,-0.5976
0.7575,-0.6246,-0.19
0.6069,-0.7344,-0.3038
0.4682,-0.5603,-0.6832
0.4682,-0.5603,-0.6832
0.1539,-0.0477,-0.9869
-0.0785,0.3698,-0.9258
-0.3819,0.0235,-0.9239
0.2748,-0.9452,-0.1765
0.2748,-0.9452,-0.1765
0.2748,-0.9452,-0.1765
0.7062,-0.2229,-0.672
0.3564,-0.0979,-0.9292
-0.1165,-0.1255,-0.9852
-0.1165,-0.1255,-0.9852
-0.3503,-0.2812,-0.8934
-0.3586,-0.3877,-0.8492
-0.3435,-0.6434,-0.6842
-0.3156,-0.7931,-0.5209
-0.3156,-0.7931,-0.5209
-0.1224,-0.9465,-0.2984
0.2301,-0.9578,-0.1725
0.5484,-0.8232,-0.147
0.7921,-0.557,-0.2497
0.7921,-0.557,-0.2497
0.8248,-0.2885,-0.4863
0.6576,-0.1585,-0.7365
0.3661,-0.194,-0.9101
0.0179,-0.2701,-0.9627
0.0179,-0.2701,-0.9627
-0.1725,-0.4239,-0.8891
-0.2197,-0.4567,-0.8621
-0.2227,-0.5045,-0.8342
-0.2533,-0.5694,-0.782
-0.2533,-0.5694,-0.782
-0.265,-0.6091,-0.7475
-0.2894,-0.6409,-0.711
-0.299,-0.7302,-0.6144
-0.2946,-0.829,-0.4753
-0.2946,-0.829,-0.4753
-0.1838,-0.9222,-0.3402
0.0231,-0.9746,-0.2229
0.1708,-0.9575,-0.2324
0.503,-0.8323,-0.2329
0.503,-0.8323,-0.2329
0.9076,-0.3182,-0.274
0.8588,-0.1477,-0.4906
0.6397,-0.1408,-0.7556
0.1655,-0.2966,-0.9406
0.1655,-0.2966,-0.9406
-0.1981,-0.4382,-0.8768
-0.3047,-0.4502,-0.8393
-0.321,-0.4509,-0.8329
-0.3385,-0.4715,-0.8143
-0.3385,-0.4715,-0.8143
-0.3438,-0.5034,-0.7927
-0.3795,-0.6087,-0.6968
-0.3789,-0.7918,-0.4791
-0.3789,-0.7918,-0.4791
-0.3789,-0.7918,-0.4791
0.4778,-0.8748,-0.0807
0.8491,-0.4443,-0.2856
0.6634,-0.2073,-0.719
0.6634,-0.2073,-0.719
0.3417,-0.2011,-0.918
0.0331,-0.2595,-0.9652
-0.2143,-0.3569,-0.9092
-0.3655,-0.5083,-0.7798
-0.3655,-0.5083,-0.7798
-0.3942,-0.5209,-0.7571
-0.4101,-0.4734,-0.7796
-0.4386,-0.468,-0.7672
-0.4511,-0.4753,-0.7554
-0.4511,-0.4753,-0.7554
-0.4297,-0.5283,-0.7323
-0.4309,-0.6233,-0.6526
-0.3682,-0.7873,-0.4945
-0.2173,-0.9116,-0.349
-0.2173,-0.9116,-0.349
0.1225,-0.9797,-0.1585
0.5632,-0.8169,-0.1242
0.7461,-0.5109,-0.4269
0.4745,-0.3422,-0.811
0.4745,-0.3422,-0.811
-0.0656,-0.409,-0.9102
-0.3396,-0.6412,-0.6881
-0.3132,-0.8067,-0.501
-0.2769,-0.8335,-0.478
-0.2769,-0.8335,-0.478
-0.2455,-0.8431,-0.4785
-0.1139,-0.9467,-0.3012
0.2941,-0.9502,-0.1028
0.8403,-0.4865,-0.239
0.8403,-0.4865,-0.239
0.6363,0.1428,-0.7581
0.1725,-0.0468,-0.9839
-0.0372,-0.622,-0.7821
0.0746,-0.9041,-0.4208
0.0746,-0.9041,-0.4208
0.2825,-0.9199,-0.2722
0.3427,-0.898,-0.276
0.3117,-0.9266,-0.2106
0.2045,-0.9518,-0.2286
0.2045,-0.9518,-0.2286
-0.183,-0.7256,-0.6634
-0.1275,0.3905,-0.9118
0.1992,-0.1038,-0.9745
0.2918,-0.7432,-0.6021
0.2918,-0.7432,-0.6021
0.0911,-0.9412,-0.3254
-0.3931,-0.6777,-0.6215
-0.2987,-0.1587,-0.9411
0.1021,-0.1566,-0.9824
0.1021,-0.1566,-0.9824
0.5185,-0.2224,-0.8256
0.7382,-0.4709,-0.483
0.6001,-0.7598,-0.25
0.2929,-0.8815,-0.3704
0.1319,-0.7787,-0.6133
0.1319,-0.7787,-0.6133
0.1534,-0.4908,-0.8576
0.3027,-0.0727,-0.9503
0.3027,-0.0727,-0.9503
0.4735,0.2421,-0.8469
0.4735,0.2421,-0.8469
0.4864,0.2792,-0.8279
0.5326,0.3132,-0.7863
0.647,0.3068,-0.698
0.7922,0.2142,-0.5714
0.7922,0.2142,-0.5714
0.8207,-0.3705,-0.435
0.4524,-0.8468,-0.2798
0.1703,-0.9575,-0.2328
0.0937,-0.8873,-0.4515
0.0937,-0.8873,-0.4515
0.1514,-0.63,-0.7617
0.2077,-0.1572,-0.9655
0.2525,0.271,-0.9289
0.2369,0.4201,-0.876
0.2369,0.4201,-0.876
0.2685,0.4083,-0.8724
0.3169,0.4564,-0.8314
0.6123,0.3741,-0.6965
0.804,-0.5336,-0.2623
0.804,-0.5336,-0.2623
0.4439,-0.8658,-0.2311
0.316,-0.7088,-0.6307
0.1655,-0.2304,-0.9589
0.1063,0.3104,-0.9446
0.1063,0.3104,-0.9446
0.1188,0.4201,-0.8997
0.2421,0.4012,-0.8834
0.4241,0.3684,-0.8273
0.5797,0.2814,-0.7647
0.5797,0.2814,-0.7647
0.7644,0.1416,-0.629
0.8516,0.029,-0.5234
0.8858,-0.0834,-0.4565
0.9041,-0.1657,-0.3938
0.9041,-0.1657,-0.3938
0.9088,-0.1772,-0.3777
0.8912,-0.2861,-0.3521
0.9024,-0.2612,-0.3428
0.902,-0.2747,-0.333
0.902,-0.2747,-0.333
0.8542,-0.4513,-0.2582
0.7616,-0.5905,-0.2669
0.7028,-0.6693,-0.2411
0.6757,-0.7045,-0.2171
0.6757,-0.7045,-0.2171
0.6548,-0.7106,-0.2576
0.7124,-0.6587,-0.2423
0.6761,-0.6922,-0.2526
0.6839,-0.6861,-0.248
0.6839,-0.6861,-0.248
0.6839,-0.6861,-0.248
0.701,-0.6752,-0.2297
0.7399,-0.6187,-0.2641
0.6754,-0.6777,-0.2908
0.6754,-0.6777,-0.2908
0.7039,-0.6415,-0.305
0.7034,-0.6322,-0.3248
0.7266,-0.6248,-0.2858
0.706,-0.6549,-0.2696
0.706,-0.6549,-0.2696
0.6721,-0.6888,-0.2716
0.4817,-0.8112,-0.3316
0.5411,-0.7387,-0.4018
0.5348,-0.7963,-0.2827
0.5348,-0.7963,-0.2827
0.566,-0.7227,-0.3967
0.6134,-0.6975,-0.3704
0.5757,-0.7039,-0.4161
0.5884,-0.7118,-0.3836
0.5884,-0.7118,-0.3836
0.6289,-0.6933,-0.3517
0.6173,-0.7238,-0.3082
0.675,-0.6914,-0.2575
0.6667,-0.6689,-0.3287
0.6667,-0.6689,-0.3287
0.5394,-0.7474,-0.3878
0.3458,-0.7969,-0.4953
-0.2144,-0.8066,-0.5509
-0.3786,-0.6801,-0.6278
-0.3786,-0.6801,-0.6278
-0.3052,-0.4417,-0.8437
0.14,-0.1817,-0.9733
0.6002,0.0065,-0.7998
0.7815,0.027,-0.6233
0.7815,0.027,-0.6233
0.8813,-0.133,-0.4534
0.6716,-0.7273,-0.1414
-0.1224,-0.9134,-0.3883
-0.0628,-0.4326,-0.8994
-0.0628,-0.4326,-0.8994
0.4307,0,-0.9025
0.8318,-0.0084,-0.555
0.8059,-0.5437,-0.2343
0.5088,-0.8396,-0.1902
0.5088,-0.8396,-0.1902
0.2844,-0.8734,-0.3954
0.1105,-0.7223,-0.6827
0.103,-0.2695,-0.9575
0.2809,0.148,-0.9483
0.2809,0.148,-0.9483
0.4802,0.2198,-0.8492
0.5226,0.2131,-0.8255
0.5616,0.2317,-0.7943
0.6821,0.2262,-0.6954
0.6821,0.2262,-0.6954
0.8139,0.1242,-0.5675
0.8869,-0.0553,-0.4587
0.7286,-0.6478,-0.2226
0.1719,-0.9574,-0.232
0.1719,-0.9574,-0.232
-0.0893,-0.8366,-0.5405
0.0319,-0.4233,-0.9054
0.3528,0.0708,-0.933
0.5296,0.2905,-0.797
0.5296,0.2905,-0.797
0.5296,0.2905,-0.797
0.4156,0.4419,-0.795
0.0381,-0.8215,-0.5689
-0.0147,-0.9286,-0.3709
-0.0147,-0.9286,-0.3709
0.195,-0.6763,-0.7104
0.28,-0.0096,-0.96
0.0752,0.4654,-0.8819
-0.1073,0.2082,-0.9722
-0.1073,0.2082,-0.9722
0.4346,-0.7654,-0.4746
0.5677,-0.7898,-0.2322
0.4702,-0.3899,-0.7917
-0.0623,0.1598,-0.9852
-0.0623,0.1598,-0.9852
-0.3448,-0.1441,-0.9276
0.7478,-0.6312,-0.2059
0.899,-0.2047,-0.3871
0.5985,-0.1162,-0.7926
0.5985,-0.1162,-0.7926
0.0236,-0.1575,-0.9872
-0.2948,-0.261,-0.9192
-0.3598,-0.2623,-0.8954
-0.2851,-0.2618,-0.922
-0.2851,-0.2618,-0.922
-0.3019,-0.0894,-0.9491
-0.2038,0.406,-0.8909
0.4494,0.5189,-0.7272
0.8097,-0.1571,-0.5654
0.8097,-0.1571,-0.5654
0.5908,-0.3621,-0.721
0.2815,-0.2714,-0.9204
-0.0505,0.0156,-0.9986
-0.101,0.2903,-0.9516
-0.101,0.2903,-0.9516
-0.1181,0.2935,-0.9486
-0.1623,0.35,-0.9226
0.1295,-0.5786,-0.8053
0.4066,-0.9035,-0.1355
0.4066,-0.9035,-0.1355
0.4241,-0.8224,-0.3791
0.3185,-0.5231,-0.7905
0.008,0.004,-1
-0.196,0.2633,-0.9446
-0.196,0.2633,-0.9446
-0.2066,0.3573,-0.9109
0.0502,-0.5291,-0.8471
0.4453,-0.8759,-0.1858
0.4603,-0.7152,-0.526
0.4603,-0.7152,-0.526
0.2281,-0.2541,-0.9399
-0.1727,0.1522,-0.9731
-0.422,0.0051,-0.9066
-0.1892,-0.4495,-0.873
-0.1892,-0.4495,-0.873
0.5455,-0.816,-0.1912
0.5758,-0.6827,-0.4498
0.2916,-0.2889,-0.9119
-0.1912,0.1007,-0.9764
-0.1912,0.1007,-0.9764
-0.4602,0.0393,-0.887
-0.1828,0.2903,-0.9393
0.4634,0.5373,-0.7047
0.4634,0.5373,-0.7047
0.7506,0.1211,-0.6496
0.6682,-0.328,-0.6677
0.4294,-0.5899,-0.6838
0.0782,-0.5532,-0.8294
-0.1087,-0.1955,-0.9747
-0.1087,-0.1955,-0.9747
0.0693,0.1637,-0.9841
0.1896,0.278,-0.9417
0.1764,0.3287,-0.9278
0.1267,0.4431,-0.8875
0.1267,0.4431,-0.8875
0.2004,0.1661,-0.9655
0.6028,-0.7519,-0.2669
0.4906,-0.8475,-0.2026
0.4175,-0.8046,-0.4223
0.4175,-0.8046,-0.4223
0.3347,-0.5135,-0.7901
0.0985,-0.0119,-0.9951
-0.0513,0.3113,-0.9489
-0.0947,0.3464,-0.9333
-0.0947,0.3464,-0.9333
-0.0378,0.4099,-0.9114
0.3428,0.2866,-0.8946
0.7774,-0.5909,-0.2157
0.6185,-0.7285,-0.2945
0.6185,-0.7285,-0.2945
0.4434,-0.5025,-0.7422
0.068,-0.0175,-0.9975
-0.1214,0.303,-0.9452
-0.1287,0.3341,-0.9337
-0.1287,0.3341,-0.9337
-0.1505,0.3775,-0.9137
-0.0324,0.4039,-0.9142
0.5802,0.2251,-0.7828
0.8909,-0.2097,-0.4028
0.8909,-0.2097,-0.4028
0.8491,-0.4317,-0.3045
0.7602,-0.6194,-0.196
0.6932,-0.6818,-0.2337
0.7054,-0.6771,-0.2095
0.7054,-0.6771,-0.2095
0.7337,-0.6431,-0.2194
0.7753,-0.5998,-0.198
0.6782,-0.71,-0.1894
0.5435,-0.8204,-0.1776
0.5435,-0.8204,-0.1776
0.3717,-0.9117,-0.1751
0.2727,-0.9376,-0.2156
0.2345,-0.8543,-0.4638
0.1845,-0.5734,-0.7982
0.1845,-0.5734,-0.7982
0.0886,-0.0059,-0.9961
0.0169,0.3563,-0.9342
0.1128,0.4202,-0.9004
0.0751,0.4272,-0.901
0.0751,0.4272,-0.901
0.0047,0.4487,-0.8937
-0.1163,0.2593,-0.9588
-0.2786,-0.2982,-0.9129
-0.0423,-0.9149,-0.4015
-0.0423,-0.9149,-0.4015
0.2579,-0.9488,-0.1823
0.3846,-0.8472,-0.3665
0.2963,-0.5486,-0.7819
0.0377,0.002,-0.9993
0.0377,0.002,-0.9993
-0.2067,0.2543,-0.9448
-0.4282,0.0163,-0.9036
-0.4269,-0.4839,-0.764
-0.2451,-0.795,-0.5549
-0.2451,-0.795,-0.5549
0.0693,-0.9274,-0.3675
0.2446,-0.9374,-0.2478
0.6578,-0.7123,-0.2448
0.8671,-0.331,-0.3724
0.8671,-0.331,-0.3724
0.8441,-0.2321,-0.4834
0.6367,-0.2673,-0.7233
0.28,-0.2735,-0.9202
-0.1095,-0.2673,-0.9574
-0.1095,-0.2673,-0.9574
-0.2975,-0.2555,-0.9199
-0.2578,-0.1497,-0.9545
-0.097,0.0022,-0.9953
0.1194,0.0914,-0.9886
0.1194,0.0914,-0.9886
0.3354,0.0737,-0.9392
0.5354,-0.0659,-0.842
0.6878,-0.2216,-0.6912
0.7159,-0.3481,-0.6052
0.7159,-0.3481,-0.6052
0.6838,-0.48,-0.5495
0.5947,-0.5638,-0.5731
0.3735,-0.6195,-0.6905
0.1313,-0.5438,-0.8289
0.1313,-0.5438,-0.8289
-0.0449,-0.2096,-0.9767
0.0237,0.2401,-0.9704
0.3392,0.4273,-0.8381
0.67,0.3292,-0.6654
0.67,0.3292,-0.6654
0.8164,0.1464,-0.5587
0.8193,0.0878,-0.5666
0.7178,-0.0071,-0.6963
0.5734,-0.0816,-0.8152
0.5734,-0.0816,-0.8152
0.3096,-0.1759,-0.9345
0.0787,-0.3536,-0.9321
-0.1541,-0.5726,-0.8052
-0.2338,-0.6495,-0.7235
-0.2338,-0.6495,-0.7235
-0.2569,-0.6239,-0.7381
-0.3057,-0.3863,-0.8703
-0.0021,-0.0734,-0.9973
0.4437,-0.2505,-0.8604
0.4437,-0.2505,-0.8604
0.2661,-0.752,-0.6031
-0.1357,-0.6184,-0.7741
-0.1139,-0.1641,-0.9798
0.3446,-0.0561,-0.9371
0.3446,-0.0561,-0.9371
0.6095,-0.3912,-0.6895
0.4304,-0.7223,-0.5413
0.2033,-0.7692,-0.6058
0.123,-0.5336,-0.8368
0.123,-0.5336,-0.8368
0.2861,-0.1571,-0.9452
0.5307,-0.0096,-0.8475
0.633,-0.1055,-0.7669
0.5759,-0.1926,-0.7945
0.5759,-0.1926,-0.7945
0.3657,-0.1369,-0.9206
0.1681,0.095,-0.9812
0.1941,0.2965,-0.9351
0.3145,0.2729,-0.9092
0.3145,0.2729,-0.9092
0.322,0.0494,-0.9455
0.145,-0.2983,-0.9434
-0.1431,-0.5014,-0.8533
-0.3264,-0.3875,-0.8621
-0.3264,-0.3875,-0.8621
-0.234,-0.1186,-0.965
0.0411,-0.0452,-0.9981
0.3308,-0.2677,-0.9049
0.4424,-0.5158,-0.7336
0.4424,-0.5158,-0.7336
0.4048,-0.6418,-0.6513
0.31,-0.5915,-0.7443
0.3191,-0.3376,-0.8855
0.4752,-0.0697,-0.8771
0.4752,-0.0697,-0.8771
0.5931,-0.0461,-0.8038
0.6111,-0.1449,-0.7781
0.4527,-0.2068,-0.8674
0.1714,-0.15,-0.9737
0.1714,-0.15,-0.9737
-0.0616,0.0533,-0.9967
-0.0614,0.2635,-0.9627
0.0839,0.3225,-0.9428
0.2287,0.1266,-0.9652
0.2287,0.1266,-0.9652
0.2728,-0.2266,-0.935
0.2085,-0.5548,-0.8054
0.1024,-0.6517,-0.7515
0.0347,-0.5846,-0.8106
0.0347,-0.5846,-0.8106
0.1558,-0.4008,-0.9028
0.4121,-0.2876,-0.8646
0.5514,-0.3362,-0.7635
0.5404,-0.3969,-0.742
0.5404,-0.3969,-0.742
0.3945,-0.3715,-0.8404
0.1903,-0.1802,-0.965
0.0144,0.0886,-0.996
0.0189,0.2894,-0.957
0.0189,0.2894,-0.957
0.1071,0.3314,-0.9374
0.2128,0.1816,-0.9601
0.2107,-0.1239,-0.9697
0.1847,-0.4169,-0.89
0.1847,-0.4169,-0.89
0.1368,-0.5564,-0.8195
0.1413,-0.5063,-0.8507
0.2394,-0.3497,-0.9058
0.4468,-0.179,-0.8765
0.4468,-0.179,-0.8765
0.6064,-0.1335,-0.7839
0.6497,-0.1727,-0.7403
0.5614,-0.2317,-0.7944
0.3228,-0.2348,-0.9169
0.3228,-0.2348,-0.9169
0.017,-0.2292,-0.9732
-0.1877,-0.1395,-0.9723
-0.2091,-0.097,-0.9731
-0.0843,-0.0887,-0.9925
-0.0843,-0.0887,-0.9925
0.1075,-0.2285,-0.9676
0.2449,-0.4669,-0.8497
0.2692,-0.5808,-0.7682
0.2581,-0.5654,-0.7834
0.2581,-0.5654,-0.7834
0.2273,-0.3589,-0.9052
0.2569,-0.0405,-0.9656
0.329,0.2311,-0.9156
0.4079,0.298,-0.863
0.4079,0.298,-0.863
0.434,0.2332,-0.8702
0.3457,0.0517,-0.9369
0.176,-0.195,-0.9649
0.0212,-0.3621,-0.9319
0.0212,-0.3621,-0.9319
-0.0242,-0.4083,-0.9125
0.0464,-0.3688,-0.9284
0.2519,-0.2925,-0.9225
0.4906,-0.3046,-0.8164
0.4906,-0.3046,-0.8164
0.6126,-0.3576,-0.7049
0.581,-0.4148,-0.7003
0.4415,-0.3697,-0.8175
0.2335,-0.2308,-0.9446
0.2335,-0.2308,-0.9446
0.018,-0.0421,-0.999
-0.0885,0.0569,-0.9945
-0.054,0.0976,-0.9938
0.0469,-0.0588,-0.9972
0.0469,-0.0588,-0.9972
0.1328,-0.3304,-0.9345
0.1818,-0.5365,-0.8241
0.1644,-0.6195,-0.7676
0.1568,-0.5195,-0.8399
0.1568,-0.5195,-0.8399
0.1856,-0.2513,-0.9499
0.2858,0.0399,-0.9575
0.385,0.2192,-0.8965
0.4391,0.2505,-0.8628
0.4391,0.2505,-0.8628
0.4006,0.1527,-0.9034
0.2581,-0.0343,-0.9655
0.1004,-0.2324,-0.9674
-0.0446,-0.3456,-0.9373
-0.0446,-0.3456,-0.9373
-0.0161,-0.3505,-0.9364
0.1337,-0.2739,-0.9524
0.3628,-0.2356,-0.9016
0.5648,-0.264,-0.7819
0.5648,-0.264,-0.7819
0.6409,-0.315,-0.7
0.5919,-0.3089,-0.7445
0.413,-0.2381,-0.8791
0.1783,-0.1494,-0.9726
0.1783,-0.1494,-0.9726
-0.0119,-0.0716,-0.9974
-0.0695,-0.0566,-0.996
-0.0244,-0.0979,-0.9949
0.1265,-0.252,-0.9594
0.1265,-0.252,-0.9594
0.264,-0.4888,-0.8315
0.3179,-0.604,-0.7308
0.3381,-0.6177,-0.71
0.2869,-0.4963,-0.8194
0.2869,-0.4963,-0.8194
0.2245,-0.2396,-0.9446
0.1671,0.0468,-0.9848
0.1262,0.2111,-0.9693
0.1391,0.2126,-0.9672
0.1391,0.2126,-0.9672
0.1178,0.063,-0.991
0.0959,-0.2094,-0.9731
0.0959,-0.2094,-0.9731
0.0407,-0.5499,-0.8343
0.0407,-0.5499,-0.8343
0.0874,-0.4797,-0.8731
0.1904,-0.2756,-0.9422
0.3269,-0.0056,-0.945
0.4488,0.1287,-0.8843
0.4488,0.1287,-0.8843
0.4779,0.1901,-0.8576
0.4196,0.1363,-0.8974
0.2874,-0.0057,-0.9578
0.0797,-0.179,-0.9806
0.0797,-0.179,-0.9806
-0.0199,-0.3039,-0.9525
-0.0322,-0.3433,-0.9387
0.124,-0.2903,-0.9489
0.3401,-0.2335,-0.9109
0.3401,-0.2335,-0.9109
0.5581,-0.2051,-0.804
0.6332,-0.213,-0.7441
0.6115,-0.212,-0.7623
0.4665,-0.1858,-0.8648
0.4665,-0.1858,-0.8648
0.2413,-0.1438,-0.9597
0.0176,-0.163,-0.9865
-0.057,-0.1634,-0.9849
0.0119,-0.2107,-0.9775
0.0119,-0.2107,-0.9775
0.1691,-0.2911,-0.9416
0.38,-0.3848,-0.8412
0.4984,-0.4676,-0.73
0.5159,-0.5033,-0.6933
0.5159,-0.5033,-0.6933
0.4424,-0.4195,-0.7927
0.2732,-0.2493,-0.9291
0.0977,-0.0827,-0.9918
-0.0144,0.0391,-0.9991
-0.0144,0.0391,-0.9991
-0.0372,0.0373,-0.9986
0.0256,-0.0928,-0.9954
0.1311,-0.3141,-0.9403
0.2509,-0.5088,-0.8235
0.2509,-0.5088,-0.8235
0.2924,-0.6063,-0.7395
0.2812,-0.5464,-0.7889
0.261,-0.3744,-0.8898
0.205,-0.1001,-0.9736
0.205,-0.1001,-0.9736
0.1251,0.1295,-0.9837
0.1251,0.1295,-0.9837
0.0908,0.1615,-0.9827
0.091,-0.0447,-0.9948
0.091,-0.0447,-0.9948
0.0912,-0.3343,-0.9381
0.1149,-0.5204,-0.8462
0.1379,-0.5332,-0.8347
0.1947,-0.4261,-0.8835
0.1947,-0.4261,-0.8835
0.2444,-0.1725,-0.9542
0.2785,0.0919,-0.956
0.319,0.2494,-0.9143
0.3061,0.2698,-0.913
0.3061,0.2698,-0.913
0.224,0.1445,-0.9638
0.1499,-0.1161,-0.9819
0.0809,-0.338,-0.9377
0.0554,-0.4466,-0.893
0.0554,-0.4466,-0.893
0.0997,-0.4059,-0.9085
0.2244,-0.2506,-0.9417
0.3835,-0.0513,-0.9221
0.4815,0.1124,-0.8692
0.4815,0.1124,-0.8692
0.5134,0.1607,-0.843
0.4392,0.1205,-0.8902
0.2921,-0.0038,-0.9564
0.1159,-0.1837,-0.9761
0.1159,-0.1837,-0.9761
0.0212,-0.3312,-0.9433
0.0429,-0.3761,-0.9256
0.162,-0.3213,-0.933
0.3493,-0.2246,-0.9097
0.3493,-0.2246,-0.9097
0.5435,-0.1281,-0.8296
0.631,-0.0625,-0.7733
0.578,-0.0741,-0.8127
0.434,-0.0915,-0.8963
0.434,-0.0915,-0.8963
0.2138,-0.1346,-0.9676
0.0403,-0.2331,-0.9716
-0.0198,-0.3266,-0.945
0.0491,-0.3409,-0.9388
0.0491,-0.3409,-0.9388
0.2246,-0.331,-0.9165
0.4416,-0.3035,-0.8444
0.5652,-0.2954,-0.7703
0.5888,-0.2981,-0.7513
0.5888,-0.2981,-0.7513
0.4869,-0.2539,-0.8358
0.2867,-0.1953,-0.9379
0.0624,-0.1728,-0.983
-0.0731,-0.1955,-0.978
-0.0731,-0.1955,-0.978
-0.0758,-0.2159,-0.9735
0.0409,-0.2795,-0.9593
0.2336,-0.3672,-0.9003
0.4232,-0.4211,-0.8023
0.4232,-0.4211,-0.8023
0.461,-0.466,-0.7552
0.4532,-0.4061,-0.7935
0.3343,-0.2904,-0.8966
0.1191,-0.1378,-0.9833
0.1191,-0.1378,-0.9833
-0.0489,-0.0327,-0.9983
-0.1094,0.0022,-0.994
-0.0395,-0.0731,-0.9965
0.0731,-0.2313,-0.9701
0.0731,-0.2313,-0.9701
0.225,-0.4021,-0.8875
0.3262,-0.5163,-0.7918
0.3492,-0.4975,-0.7941
0.3153,-0.3758,-0.8714
0.3153,-0.3758,-0.8714
0.2104,-0.1534,-0.9655
0.092,0.057,-0.9941
0.0255,0.1792,-0.9835
0.0261,0.1617,-0.9865
0.0261,0.1617,-0.9865
0.0432,0.0197,-0.9989
0.1099,-0.2279,-0.9675
0.1866,-0.4465,-0.8751
0.2413,-0.511,-0.825
0.2413,-0.511,-0.825
0.2583,-0.4439,-0.858
0.2548,-0.2486,-0.9345
0.2284,0.0284,-0.9732
0.2032,0.233,-0.951
0.2032,0.233,-0.951
0.1733,0.2726,-0.9464
0.1397,0.2184,-0.9658
0.1273,-0.0439,-0.9909
0.141,-0.309,-0.9405
0.141,-0.309,-0.9405
0.1955,-0.4614,-0.8654
0.239,-0.4561,-0.8572
0.2755,-0.3225,-0.9056
0.3273,-0.0642,-0.9427
0.3273,-0.0642,-0.9427
0.348,0.1496,-0.9255
0.3325,0.2632,-0.9056
0.3169,0.3006,-0.8996
0.2609,0.3843,-0.8856
0.2609,0.3843,-0.8856
0.2407,0.5006,-0.8316
0.2896,0.5489,-0.7841
0.5954,0.2537,-0.7624
0.7695,-0.4107,-0.4891
0.7695,-0.4107,-0.4891
0.4762,-0.8244,-0.3059
0.2704,-0.844,-0.4632
0.1981,-0.556,-0.8072
0.1721,0.0144,-0.985
0.1721,0.0144,-0.985
0.1826,0.4843,-0.8556
0.3024,0.5688,-0.7649
0.1892,0.3264,-0.9261
-0.1156,-0.232,-0.9658
-0.1156,-0.232,-0.9658
-0.1786,-0.8376,-0.5162
0.1497,-0.8709,-0.4682
0.4189,-0.5501,-0.7224
0.2776,0.0093,-0.9606
0.2776,0.0093,-0.9606
-0.1331,0.3117,-0.9408
-0.4843,-0.239,-0.8416
-0.4629,-0.4645,-0.755
-0.23,-0.8134,-0.5342
-0.23,-0.8134,-0.5342
0.4062,-0.8463,-0.3446
0.7819,-0.4496,-0.4319
0.6937,-0.0823,-0.7155
0.3508,-0.0301,-0.936
0.3508,-0.0301,-0.936
-0.1025,-0.2299,-0.9678
-0.3117,-0.5772,-0.7547
-0.1974,-0.7722,-0.6039
-0.1103,-0.8169,-0.5662
-0.1103,-0.8169,-0.5662
0.1105,-0.9014,-0.4187
0.624,-0.626,-0.4677
0.7436,0.202,-0.6374
0.4939,0.3145,-0.8107
0.4939,0.3145,-0.8107
0.2108,-0.0555,-0.9759
-0.1045,-0.5913,-0.7997
-0.1262,-0.8191,-0.5596
-0.0718,-0.8607,-0.504
-0.0718,-0.8607,-0.504
-0.1967,-0.7806,-0.5933
-0.2353,-0.7376,-0.6329
-0.2194,-0.7414,-0.6342
0.0796,-0.7189,-0.6905
0.0796,-0.7189,-0.6905
0.3401,-0.1383,-0.9302
0.5392,0.3478,-0.767
0.541,0.4512,-0.7098
0.4648,0.2351,-0.8536
0.4648,0.2351,-0.8536
0.1694,-0.1665,-0.9714
-0.2296,-0.4999,-0.8351
-0.3592,-0.6365,-0.6825
-0.2798,-0.7597,-0.587
-0.2798,-0.7597,-0.587
0.1466,-0.7353,-0.6617
0.8038,-0.1408,-0.5779
0.7887,-0.0751,-0.6102
0.5072,-0.1904,-0.8405
0.5072,-0.1904,-0.8405
0.0211,-0.3173,-0.9481
-0.3881,-0.3995,-0.8306
-0.5307,-0.3825,-0.7564
-0.502,-0.3419,-0.7945
-0.502,-0.3419,-0.7945
-0.4823,-0.3871,-0.7859
0,-0.6911,-0.7228
0.7857,-0.4804,-0.3898
0.6588,-0.2121,-0.7219
0.6588,-0.2121,-0.7219
0.1399,-0.1643,-0.9764
-0.3804,-0.1401,-0.9141
-0.5022,-0.1309,-0.8548
-0.5059,-0.1426,-0.8507
-0.5059,-0.1426,-0.8507
-0.4922,-0.1243,-0.8616
-0.4847,-0.1455,-0.8625
-0.5296,-0.2449,-0.8121
-0.0678,-0.4568,-0.887
-0.0678,-0.4568,-0.887
0.8307,-0.3166,-0.4579
0.5699,-0.3102,-0.761
0.0957,-0.199,-0.9753
-0.3686,-0.0672,-0.9272
-0.3686,-0.0672,-0.9272
-0.4605,0.0062,-0.8876
-0.4482,-0.0187,-0.8938
-0.4476,0.0443,-0.8931
-0.4372,-0.0093,-0.8993
-0.4372,-0.0093,-0.8993
-0.4358,0.0125,-0.9
-0.4462,0.0181,-0.8948
-0.3515,-0.0321,-0.9356
-0.1334,-0.0563,-0.9895
-0.1334,-0.0563,-0.9895
0.1628,-0.1529,-0.9747
0.4353,-0.274,-0.8576
0.5177,-0.308,-0.7982
0.5203,-0.3011,-0.7992
0.5203,-0.3011,-0.7992
0.5107,-0.301,-0.8054
0.5213,-0.3102,-0.795
0.5116,-0.3166,-0.7988
0.5008,-0.3605,-0.7869
0.5008,-0.3605,-0.7869
0.4918,-0.3458,-0.7991
0.4997,-0.3504,-0.7922
0.4852,-0.3895,-0.7828
0.4678,-0.4158,-0.7799
0.4678,-0.4158,-0.7799
0.47,-0.421,-0.7758
0.4587,-0.4103,-0.7882
0.4216,-0.4159,-0.8058
0.3424,-0.5099,-0.7891
0.3424,-0.5099,-0.7891
0.2478,-0.6523,-0.7163
0.1726,-0.767,-0.6179
0.0376,-0.8297,-0.557
-0.1688,-0.7834,-0.5981
-0.1688,-0.7834,-0.5981
-0.3384,-0.6333,-0.6961
-0.4204,-0.2258,-0.8788
-0.1761,-0.0021,-0.9844
0.2358,-0.2021,-0.9506
0.2358,-0.2021,-0.9506
0.5001,-0.5619,-0.6589
0.4231,-0.7744,-0.4705
0.201,-0.8575,-0.4736
0.0563,-0.7684,-0.6375
0.0563,-0.7684,-0.6375
0.0021,-0.7291,-0.6844
-0.0808,-0.7385,-0.6694
-0.1629,-0.7984,-0.5797
0.0154,-0.6009,-0.7992
0.0154,-0.6009,-0.7992
0.2614,0.5367,-0.8023
0.1969,0.3346,-0.9216
0.0162,-0.2943,-0.9556
-0.0815,-0.7683,-0.6348
-0.0815,-0.7683,-0.6348
-0.1097,-0.8463,-0.5213
-0.251,-0.7233,-0.6433
-0.3879,-0.4582,-0.7997
-0.4587,-0.1947,-0.867
-0.4587,-0.1947,-0.867
-0.3431,0.2048,-0.9167
0.0751,0.4456,-0.8921
0.259,0.0801,-0.9626
0.0036,-0.6298,-0.7768
0.0036,-0.6298,-0.7768
-0.2092,-0.8504,-0.4827
-0.1323,-0.8204,-0.5563
0.406,-0.4073,-0.8181
0.7584,0.1329,-0.6381
0.7584,0.1329,-0.6381
0.7569,0.1859,-0.6265
0.5352,0.1461,-0.832
0.202,-0.1778,-0.9631
-0.0201,-0.6954,-0.7184
-0.0201,-0.6954,-0.7184
0.1206,-0.8934,-0.4328
0.2983,-0.8749,-0.3815
0.3128,-0.8733,-0.3735
0.5059,-0.7743,-0.3801
0.5059,-0.7743,-0.3801
0.8573,-0.1656,-0.4875
0.665,0.3399,-0.665
0.4408,0.1808,-0.8792
0.1217,-0.293,-0.9483
0.1217,-0.293,-0.9483
-0.1077,-0.7383,-0.6659
-0.0765,-0.865,-0.4959
-0.0573,-0.8435,-0.534
-0.1054,-0.6951,-0.7112
-0.1054,-0.6951,-0.7112
0.3955,-0.5516,-0.7344
0.8127,-0.3949,-0.4285
0.7973,-0.4274,-0.4263
0.5628,-0.4254,-0.7087
0.5628,-0.4254,-0.7087
0.0991,-0.2949,-0.9504
-0.3554,-0.0644,-0.9325
-0.4623,0.0234,-0.8864
-0.0814,0.2859,-0.9548
-0.0814,0.2859,-0.9548
0.5624,0.4367,-0.7022
0.7233,0.2183,-0.6551
0.6123,-0.0334,-0.7899
0.4619,-0.2823,-0.8408
0.4619,-0.2823,-0.8408
0.2301,-0.4297,-0.8732
0.059,-0.4998,-0.8641
0.0308,-0.6025,-0.7975
-0.0145,-0.7151,-0.6989
-0.0145,-0.7151,-0.6989
0.0091,-0.8327,-0.5537
0.1689,-0.8971,-0.4082
0.3922,-0.88,-0.268
0.7284,-0.5601,-0.3945
0.7284,-0.5601,-0.3945
0.7334,0.3396,-0.5889
0.4714,0.3887,-0.7916
0.3465,-0.0335,-0.9374
0.2292,-0.5812,-0.7808
0.2292,-0.5812,-0.7808
0.2568,-0.769,-0.5854
0.3229,-0.8433,-0.4297
0.483,-0.8016,-0.3524
0.5864,0.3089,-0.7488
0.5864,0.3089,-0.7488
0.1143,0.4952,-0.8612
0.138,-0.0219,-0.9902
0.3096,-0.5974,-0.7398
0.4426,-0.7789,-0.4444
0.4426,-0.7789,-0.4444
0.5394,-0.7723,-0.3357
0.6532,-0.6789,-0.3355
0.5015,0.1732,-0.8477
-0.0951,0.4936,-0.8645
-0.0951,0.4936,-0.8645
-0.0749,0.3269,-0.9421
0.2365,-0.1169,-0.9646
0.4853,-0.5019,-0.7159
0.4771,-0.7072,-0.5219
0.4771,-0.7072,-0.5219
0.5005,-0.7449,-0.4412
0.5775,-0.7568,-0.3062
0.7719,-0.5888,-0.2398
0.9048,-0.1073,-0.4122
0.9048,-0.1073,-0.4122
0.5821,0.4012,-0.7073
-0.1177,0.3476,-0.9302
-0.0199,-0.1838,-0.9828
0.5075,-0.46,-0.7286
0.5075,-0.46,-0.7286
0.8392,-0.3272,-0.4344
0.8579,-0.0489,-0.5115
0.7037,0.3978,-0.5887
0.1061,0.5655,-0.8179
0.1061,0.5655,-0.8179
-0.1451,0.312,-0.9389
-0.2382,0.1671,-0.9567
-0.4117,0.0255,-0.911
-0.5552,-0.212,-0.8043
-0.5552,-0.212,-0.8043
-0.1768,-0.8695,-0.4612
0.4416,-0.8175,-0.3698
0.5692,-0.5433,-0.6171
0.488,-0.2378,-0.8398
0.488,-0.2378,-0.8398
0.1293,0.0813,-0.9883
-0.3579,0.0957,-0.9289
-0.5417,-0.1835,-0.8203
-0.5099,-0.3707,-0.7763
-0.5099,-0.3707,-0.7763
-0.4002,-0.6562,-0.6397
0.5053,-0.6913,-0.5165
0.834,-0.1685,-0.5254
0.5089,-0.1236,-0.8519
0.5089,-0.1236,-0.8519
0.1371,-0.1134,-0.984
-0.2277,-0.1557,-0.9612
-0.4346,-0.2052,-0.877
-0.4285,-0.2111,-0.8785
-0.4285,-0.2111,-0.8785
-0.3975,-0.2393,-0.8859
-0.4189,-0.3054,-0.8551
-0.4582,-0.4718,-0.7533
-0.3846,-0.7107,-0.5891
-0.3846,-0.7107,-0.5891
0.3535,-0.8533,-0.3832
0.8262,-0.3244,-0.4607
0.5257,-0.1923,-0.8286
-0.0508,-0.1819,-0.982
-0.0508,-0.1819,-0.982
-0.4648,-0.3264,-0.8231
-0.4958,-0.4348,-0.7518
-0.2518,-0.8337,-0.4914
0.2762,-0.8989,-0.3403
0.2762,-0.8989,-0.3403
0.6529,-0.5134,-0.5569
0.4352,0.008,-0.9003
-0.1356,-0.1446,-0.9802
-0.1877,-0.7334,-0.6534
-0.1877,-0.7334,-0.6534
0.1797,-0.862,-0.474
0.4379,-0.659,-0.6115
0.5649,-0.5859,-0.5811
0.6815,-0.6401,-0.3546
0.6815,-0.6401,-0.3546
0.6146,-0.766,-0.1886
0.2719,-0.9329,-0.2361
-0.1259,-0.8001,-0.5865
0.0563,-0.4521,-0.8902
0.0563,-0.4521,-0.8902
0.4298,-0.2469,-0.8685
0.6733,-0.1264,-0.7285
0.7602,0.0536,-0.6475
0.6973,0.1767,-0.6946
0.6973,0.1767,-0.6946
0.7566,0.1812,-0.6282
0.8986,0.0467,-0.4362
0.7664,-0.6339,-0.1045
0.2618,-0.9167,-0.3018
0.2618,-0.9167,-0.3018
0.2023,-0.6605,-0.7231
0.3687,-0.1197,-0.9218
0.6425,0.2789,-0.7137
0.7505,0.2434,-0.6145
0.7505,0.2434,-0.6145
0.7505,0.2434,-0.6145
0.7462,0.2338,-0.6233
0.8488,0.1642,-0.5025
0.8992,-0.3715,-0.2313
0.8992,-0.3715,-0.2313
0.3454,-0.9141,-0.2124
0.1464,-0.7616,-0.6313
0.3478,-0.1789,-0.9204
0.6283,0.2816,-0.7252
0.6283,0.2816,-0.7252
0.7431,0.3077,-0.5942
0.7535,0.2987,-0.5856
0.8812,0.089,-0.4643
0.8876,-0.4118,-0.2062
0.8876,-0.4118,-0.2062
0.464,-0.8514,-0.2446
0.247,-0.7132,-0.656
0.286,-0.2296,-0.9303
0.4687,0.2617,-0.8437
0.4687,0.2617,-0.8437
0.6325,0.309,-0.7102
0.6281,0.3288,-0.7053
0.7141,0.2902,-0.637
0.8549,0.1534,-0.4956
0.8549,0.1534,-0.4956
0.9019,-0.3384,-0.2685
0.7129,-0.6728,-0.1979
0.6169,-0.712,-0.3353
0.4977,-0.6,-0.6264
0.4977,-0.6,-0.6264
0.2974,-0.3162,-0.9009
-0.0105,0.0737,-0.9972
-0.1815,0.3642,-0.9135
-0.2112,0.3783,-0.9013
-0.2112,0.3783,-0.9013
-0.2183,0.2948,-0.9303
-0.284,0.0903,-0.9546
0.4757,-0.7894,-0.3879
0.6703,-0.7285,-0.1413
0.6703,-0.7285,-0.1413
0.62,-0.6465,-0.4447
0.3353,-0.3152,-0.8878
-0.0788,0.17,-0.9823
-0.1592,0.2458,-0.9562
-0.1592,0.2458,-0.9562
0.4722,-0.3713,-0.7995
0.8337,-0.3464,-0.4301
0.86,0.101,-0.5002
0.5069,0.5248,-0.6839
0.5069,0.5248,-0.6839
0.3245,0.42,-0.8475
0.2914,0.1121,-0.95
0.2937,-0.3303,-0.897
0.2603,-0.6457,-0.7178
0.2603,-0.6457,-0.7178
0.2578,-0.734,-0.6283
0.2689,-0.6856,-0.6765
0.2744,-0.4949,-0.8245
0.3141,-0.1356,-0.9397
0.3141,-0.1356,-0.9397
0.3715,0.2121,-0.9039
0.4172,0.3088,-0.8547
0.4303,0.3353,-0.8381
0.4211,0.3291,-0.8452
0.4211,0.3291,-0.8452
0.4351,0.339,-0.8341
0.4244,0.3438,-0.8377
0.4243,0.3396,-0.8394
0.4291,0.3416,-0.8361
0.4291,0.3416,-0.8361
0.4478,0.3405,-0.8268
0.4928,0.3752,-0.7851
0.5344,0.3958,-0.7469
0.624,0.4071,-0.667
0.624,0.4071,-0.667
0.8435,0.2697,-0.4645
0.916,-0.3333,-0.2231
0.7672,-0.6264,-0.1377
0.6554,-0.7248,-0.2123
0.6554,-0.7248,-0.2123
0.5966,-0.697,-0.3978
0.5214,-0.5195,-0.6769
0.5016,-0.4961,-0.7087
0.4868,-0.503,-0.7142
0.4868,-0.503,-0.7142
0.48,-0.5402,-0.6912
0.4912,-0.5844,-0.6458
0.4864,-0.6301,-0.6053
0.5031,-0.6426,-0.5779
0.5031,-0.6426,-0.5779
0.5301,-0.6505,-0.5439
0.5265,-0.6503,-0.5477
0.5295,-0.6455,-0.5505
0.5259,-0.6385,-0.5619
0.5259,-0.6385,-0.5619
0.517,-0.6281,-0.5816
0.4816,-0.5975,-0.6412
0.4594,-0.559,-0.6903
0.3965,-0.5388,-0.7433
0.3965,-0.5388,-0.7433
0.3156,-0.4582,-0.8309
0.2753,-0.3013,-0.9129
0.2886,-0.0892,-0.9533
0.3869,0.1013,-0.9165
0.3869,0.1013,-0.9165
0.4607,0.1117,-0.8805
0.4654,-0.0277,-0.8847
0.3658,-0.2406,-0.8991
0.2024,-0.431,-0.8794
0.2024,-0.431,-0.8794
0.0729,-0.5305,-0.8445
0.0038,-0.4841,-0.875
0.0883,-0.3506,-0.9323
0.2728,-0.2456,-0.9302
0.2728,-0.2456,-0.9302
0.447,-0.2404,-0.8616
0.5012,-0.2869,-0.8164
0.4741,-0.3001,-0.8278
0.4184,-0.2863,-0.862
0.4184,-0.2863,-0.862
0.2791,-0.3012,-0.9118
0.0841,-0.302,-0.9496
-0.0374,-0.3217,-0.9461
-0.0773,-0.3398,-0.9373
-0.0773,-0.3398,-0.9373
0.0281,-0.3255,-0.9451
0.1821,-0.2768,-0.9435
0.3603,-0.2776,-0.8906
0.4598,-0.2859,-0.8407
0.4598,-0.2859,-0.8407
0.4308,-0.2852,-0.8562
0.3043,-0.3017,-0.9035
0.1599,-0.3062,-0.9384
-0.0057,-0.3233,-0.9463
-0.0057,-0.3233,-0.9463
-0.0645,-0.3469,-0.9357
0.0038,-0.3335,-0.9427
0.1385,-0.2742,-0.9517
0.3333,-0.2846,-0.8988
0.3333,-0.2846,-0.8988
0.437,-0.2666,-0.8591
0.4366,-0.2843,-0.8535
0.3322,-0.2945,-0.8961
0.1761,-0.3042,-0.9362
0.1761,-0.3042,-0.9362
0.0167,-0.3267,-0.945
-0.0454,-0.3463,-0.937
0,-0.3151,-0.9491
0.1276,-0.2939,-0.9473
0.1276,-0.2939,-0.9473
0.309,-0.2642,-0.9136
0.3971,-0.285,-0.8724
0.3955,-0.2906,-0.8713
0.3176,-0.3151,-0.8943
0.3176,-0.3151,-0.8943
0.2671,-0.3065,-0.9136
0.1764,-0.1458,-0.9735
0.1416,-0.113,-0.9835
0.3082,-0.1357,-0.9416
0.3082,-0.1357,-0.9416
0.2852,-0.1521,-0.9463
0.2481,-0.3243,-0.9128
0.2058,-0.2759,-0.9389
0.2023,-0.1731,-0.9639
0.2023,-0.1731,-0.9639
0.2318,-0.1163,-0.9658
0.3058,-0.1171,-0.9449
0.3011,-0.2402,-0.9229
0.2271,-0.2857,-0.931
0.2271,-0.2857,-0.931
0.1266,-0.2043,-0.9707
0.1812,-0.0985,-0.9785
0.2858,-0.1068,-0.9523
0.313,-0.2775,-0.9083
0.313,-0.2775,-0.9083
0.1844,-0.3286,-0.9263
0.1027,-0.2281,-0.9682
0.1597,-0.11,-0.981
0.2357,-0.1152,-0.965
0.2357,-0.1152,-0.965
0.3475,0.0876,-0.9336
0.3812,0.2073,-0.901
0.5096,0.209,-0.8346
0.6367,0.3009,-0.71
0.6367,0.3009,-0.71
0.8617,0.0879,-0.4997
0.6234,-0.7517,-0.215
-0.1836,-0.7523,-0.6327
-0.0503,-0.2485,-0.9673
-0.0503,-0.2485,-0.9673
0.4164,0.1368,-0.8988
0.6644,0.2112,-0.7169
0.5859,0.3386,-0.7363
0.0697,0.5361,-0.8412
0.0697,0.5361,-0.8412
-0.5009,0.0349,-0.8648
-0.2808,-0.5974,-0.7511
0.1999,-0.5295,-0.8244
0.4642,0.0131,-0.8857
0.4642,0.0131,-0.8857
0.2382,0.4194,-0.876
-0.1837,0.3108,-0.9326
-0.2096,-0.047,-0.9767
-0.2132,-0.3162,-0.9244
-0.2132,-0.3162,-0.9244
-0.1589,-0.5725,-0.8044
0.0129,-0.7766,-0.6299
0.334,-0.8262,-0.4538
0.5587,-0.6815,-0.4726
0.5587,-0.6815,-0.4726
0.699,-0.413,-0.5838
0.6885,-0.1122,-0.7165
0.5947,0.1702,-0.7858
0.5191,0.3212,-0.7921
0.5191,0.3212,-0.7921
0.5352,0.3512,-0.7682
0.7034,0.2875,-0.65
0.8615,-0.2289,-0.4532
0.2933,-0.9133,-0.2826
0.2933,-0.9133,-0.2826
0.0501,-0.8249,-0.5631
0.1895,-0.3769,-0.9067
0.2784,0.1512,-0.9485
0.3487,0.3372,-0.8745
0.3487,0.3372,-0.8745
0.5974,0.3218,-0.7345
0.8097,0.0337,-0.5859
0.7328,-0.1534,-0.6629
0.4792,-0.1126,-0.8704
0.4792,-0.1126,-0.8704
0.0984,0.0705,-0.9926
-0.1395,0.2348,-0.962
-0.1638,0.3577,-0.9193
-0.0858,0.3332,-0.9389
-0.0858,0.3332,-0.9389
-0.0278,0.0875,-0.9958
-0.009,-0.3897,-0.9209
-0.0711,-0.6623,-0.7458
-0.1736,-0.6584,-0.7324
-0.1736,-0.6584,-0.7324
-0.1948,-0.5184,-0.8326
0.0072,-0.2837,-0.9589
0.3418,-0.063,-0.9377
0.6233,-0.0144,-0.7819
0.6233,-0.0144,-0.7819
0.7052,-0.0696,-0.7055
0.6589,-0.1306,-0.7408
0.5543,-0.1777,-0.8131
0.3681,-0.1533,-0.917
0.3681,-0.1533,-0.917